<laptops>
	<laptop>
		<manufacturer>Dell</manufacturer>
		<screen>
			<size>12"</size>
			<type>matowa</type>
			<touchscreen>nie</touchscreen>
		</screen>
		<processor>
			<name>intel i7</name>
			<physical_cores>4</physical_cores>
			<clock_speed>2800</clock_speed>
		</processor>
		<ram>8GB</ram>
		<disc>
			<storage>240GB</storage>
			<type>SSD</type>
		</disc>
		<graphic_card>
			<name></name>
			<memory>1GB</memory>
		</graphic_card>
		<os>Windows 7 Home</os>
		<disc_reader></disc_reader>
	</laptop>
	<laptop>
		<manufacturer>Asus</manufacturer>
		<screen>
			<size>14"</size>
			<type>matowa</type>
			<touchscreen>nie</touchscreen>
		</screen>
		<processor>
			<name>intel i5</name>
			<physical_cores>4</physical_cores>
			<clock_speed></clock_speed>
		</processor>
		<ram>16GB</ram>
		<disc>
			<storage>120GB</storage>
			<type>SSD</type>
		</disc>
		<graphic_card>
			<name></name>
			<memory>1GB</memory>
		</graphic_card>
		<os></os>
		<disc_reader>brak</disc_reader>
	</laptop>
	<laptop>
		<manufacturer>Fujitsu</manufacturer>
		<screen>
			<size>14"</size>
			<type>blyszczaca</type>
			<touchscreen>tak</touchscreen>
		</screen>
		<processor>
			<name>intel i7</name>
			<physical_cores>8</physical_cores>
			<clock_speed>1900</clock_speed>
		</processor>
		<ram>24GB</ram>
		<disc>
			<storage>500GB</storage>
			<type>HDD</type>
		</disc>
		<graphic_card>
			<name></name>
			<memory>1GB</memory>
		</graphic_card>
		<os>brak systemu</os>
		<disc_reader>Blu-Ray</disc_reader>
	</laptop>
	<laptop>
		<manufacturer>Huawei</manufacturer>
		<screen>
			<size>13"</size>
			<type>matowa</type>
			<touchscreen>nie</touchscreen>
		</screen>
		<processor>
			<name>intel i7</name>
			<physical_cores>4</physical_cores>
			<clock_speed>2400</clock_speed>
		</processor>
		<ram>12GB</ram>
		<disc>
			<storage>24GB</storage>
			<type>HDD</type>
		</disc>
		<graphic_card>
			<name></name>
			<memory></memory>
		</graphic_card>
		<os></os>
		<disc_reader>brak</disc_reader>
	</laptop>
	<laptop>
		<manufacturer>MSI</manufacturer>
		<screen>
			<size>17"</size>
			<type>blyszczaca</type>
			<touchscreen>tak</touchscreen>
		</screen>
		<processor>
			<name>intel i7</name>
			<physical_cores>4</physical_cores>
			<clock_speed>3300</clock_speed>
		</processor>
		<ram>8GB</ram>
		<disc>
			<storage>60GB</storage>
			<type>SSD</type>
		</disc>
		<graphic_card>
			<name></name>
			<memory>1GB</memory>
		</graphic_card>
		<os>Windows 7 Profesional</os>
		<disc_reader>DVD</disc_reader>
	</laptop>
	<laptop>
		<manufacturer>Dell</manufacturer>
		<screen>
			<size></size>
			<type>matowa</type>
			<touchscreen>nie</touchscreen>
		</screen>
		<processor>
			<name>intel i7</name>
			<physical_cores>4</physical_cores>
			<clock_speed>2800</clock_speed>
		</processor>
		<ram>8GB</ram>
		<disc>
			<storage>240GB</storage>
			<type>SSD</type>
		</disc>
		<graphic_card>
			<name></name>
			<memory></memory>
		</graphic_card>
		<os>Windows 7 Home</os>
		<disc_reader>brak</disc_reader>
	</laptop>
	<laptop>
		<manufacturer>Asus</manufacturer>
		<screen>
			<size>14"</size>
			<type>matowa</type>
			<touchscreen>nie</touchscreen>
		</screen>
		<processor>
			<name>intel i5</name>
			<physical_cores>4</physical_cores>
			<clock_speed>2800</clock_speed>
		</processor>
		<ram></ram>
		<disc>
			<storage>120GB</storage>
			<type>SSD</type>
		</disc>
		<graphic_card>
			<name></name>
			<memory>1GB</memory>
		</graphic_card>
		<os>Windows 10 Home</os>
		<disc_reader></disc_reader>
	</laptop>
	<laptop>
		<manufacturer>Fujitsu</manufacturer>
		<screen>
			<size>15"</size>
			<type>blyszczaca</type>
			<touchscreen>tak</touchscreen>
		</screen>
		<processor>
			<name>intel i7</name>
			<physical_cores>8</physical_cores>
			<clock_speed>2800</clock_speed>
		</processor>
		<ram>24GB</ram>
		<disc>
			<storage>500GB</storage>
			<type>HDD</type>
		</disc>
		<graphic_card>
			<name></name>
			<memory></memory>
		</graphic_card>
		<os>brak systemu</os>
		<disc_reader>Blu-Ray</disc_reader>
	</laptop>
	<laptop>
		<manufacturer>Samsung</manufacturer>
		<screen>
			<size>13"</size>
			<type>matowa</type>
			<touchscreen>nie</touchscreen>
		</screen>
		<processor>
			<name>intel i7</name>
			<physical_cores>4</physical_cores>
			<clock_speed>2800</clock_speed>
		</processor>
		<ram>12GB</ram>
		<disc>
			<storage>24GB</storage>
			<type>HDD</type>
		</disc>
		<graphic_card>
			<name></name>
			<memory>1GB</memory>
		</graphic_card>
		<os>Windows 10 Home</os>
		<disc_reader>brak</disc_reader>
	</laptop>
	<laptop>
		<manufacturer>Sony</manufacturer>
		<screen>
			<size>16"</size>
			<type>blyszczaca</type>
			<touchscreen>tak</touchscreen>
		</screen>
		<processor>
			<name>intel i7</name>
			<physical_cores>4</physical_cores>
			<clock_speed>2800</clock_speed>
		</processor>
		<ram>8GB</ram>
		<disc>
			<storage></storage>
			<type></type>
		</disc>
		<graphic_card>
			<name></name>
			<memory>1GB</memory>
		</graphic_card>
		<os>Windows 7 Profesional</os>
		<disc_reader>DVD</disc_reader>
	</laptop>
	<laptop>
		<manufacturer>Samsung</manufacturer>
		<screen>
			<size>12"</size>
			<type>matowa</type>
			<touchscreen>nie</touchscreen>
		</screen>
		<processor>
			<name>intel i7</name>
			<physical_cores>null</physical_cores>
			<clock_speed>2120</clock_speed>
		</processor>
		<ram></ram>
		<disc>
			<storage></storage>
			<type></type>
		</disc>
		<graphic_card>
			<name></name>
			<memory>1GB</memory>
		</graphic_card>
		<os></os>
		<disc_reader>brak</disc_reader>
	</laptop>
	<laptop>
		<manufacturer>Samsung</manufacturer>
		<screen>
			<size>14"</size>
			<type>matowa</type>
			<touchscreen>nie</touchscreen>
		</screen>
		<processor>
			<name>intel i5</name>
			<physical_cores>null</physical_cores>
			<clock_speed></clock_speed>
		</processor>
		<ram></ram>
		<disc>
			<storage></storage>
			<type>SSD</type>
		</disc>
		<graphic_card>
			<name></name>
			<memory>1GB</memory>
		</graphic_card>
		<os>Windows 10 Home</os>
		<disc_reader>brak</disc_reader>
	</laptop>
	<laptop>
		<manufacturer>Fujitsu</manufacturer>
		<screen>
			<size>15"</size>
			<type>blyszczaca</type>
			<touchscreen>tak</touchscreen>
		</screen>
		<processor>
			<name>intel i7</name>
			<physical_cores>8</physical_cores>
			<clock_speed>2800</clock_speed>
		</processor>
		<ram>24GB</ram>
		<disc>
			<storage>500GB</storage>
			<type>HDD</type>
		</disc>
		<graphic_card>
			<name></name>
			<memory></memory>
		</graphic_card>
		<os>brak systemu</os>
		<disc_reader>Blu-Ray</disc_reader>
	</laptop>
	<laptop>
		<manufacturer>Huawei</manufacturer>
		<screen>
			<size>13"</size>
			<type>matowa</type>
			<touchscreen>nie</touchscreen>
		</screen>
		<processor>
			<name>intel i7</name>
			<physical_cores>4</physical_cores>
			<clock_speed>3000</clock_speed>
		</processor>
		<ram></ram>
		<disc>
			<storage>24GB</storage>
			<type>HDD</type>
		</disc>
		<graphic_card>
			<name></name>
			<memory></memory>
		</graphic_card>
		<os>Windows 10 Home</os>
		<disc_reader>brak</disc_reader>
	</laptop>
	<laptop>
		<manufacturer>MSI</manufacturer>
		<screen>
			<size>17"</size>
			<type>blyszczaca</type>
			<touchscreen>tak</touchscreen>
		</screen>
		<processor>
			<name>intel i7</name>
			<physical_cores>4</physical_cores>
			<clock_speed>9999</clock_speed>
		</processor>
		<ram>8GB</ram>
		<disc>
			<storage>60GB</storage>
			<type>SSD</type>
		</disc>
		<graphic_card>
			<name></name>
			<memory>1GB</memory>
		</graphic_card>
		<os>Windows 7 Profesional</os>
		<disc_reader></disc_reader>
	</laptop>
</laptops>